criterion,epoch,training_loss
ce,1,2.3480454683303833
ce,2,2.2883368730545044
ce,3,2.1961597204208374
