criterion,epoch,training_loss
ce,1,2.3115432262420654
ce,2,2.1410356760025024
ce,3,2.0983880758285522
